"degree","normalised.degree","nestedrank","betweenness","weighted.betweenness","closeness","weighted.closeness","evcent","Taxon","Endemicity","site","max.degree","missing.degree"
4,0.03125,0.268292682926829,0,0,0.00803301103623401,0.004226123339336,0.0467727495206658,"Aloha swezeyi","Cosmo","Kil",128,124
1,0.0078125,0.495934959349593,0,0,0.00623840218771364,0.00227138415804688,0.00156057609663119,"Aloha ipomoeae","Cosmo","Kil",128,127
1,0.0078125,0.504065040650406,0,0,0.00774001367321027,0.00247354888800469,0.00567488358300983,"Aloha myoporicola","Endem","Kil",128,127
1,0.0078125,0.51219512195122,0,0,0.0083015919523391,0.00249468988046726,0.0280901179013776,"Balclutha lobata","Cosmo","Kil",128,127
14,0.109375,0.040650406504065,0.0618059955084631,0.0510170544456699,0.0106211544096103,0.00511771718533615,0.758374982819085,"Balclutha plutonis","Cosmo","Kil",128,114
1,0.0078125,0.520325203252033,0,0,0.0083015919523391,0.00249468988046726,0.0280901179013776,"Balclutha usitata","Cosmo","Kil",128,127
7,0.0546875,0.16260162601626,0,0,0.00682439691376111,0.00327658554958108,0.0252796538991743,"Balclutha volcanicola","Cosmo","Kil",128,121
2,0.015625,0.357723577235772,0,0,0.00817950971774587,0.00338946851030298,0.0329546469739772,"Balolina kilaueae","Cosmo","Kil",128,126
1,0.0078125,0.528455284552846,0,0,0.00648256665690009,0.00233465793528588,0.00736296309549787,"Emoloana sporobolicola immaculata","Endem","Kil",128,127
3,0.0234375,0.300813008130081,0,0,0.00648256665690009,0.00233465793528588,0.00750590823508489,"Emoloana sporobolicola","Cosmo","Kil",128,125
5,0.0390625,0.219512195121951,0.0566314186726845,0.0156546589245565,0.0112803984764137,0.00408253864983954,0.0626610169535582,"Glyptonysius amicola","Cosmo","Kil",128,123
1,0.0078125,0.536585365853659,0,0,0.0097909952143764,0.0027506525659883,0.0355356686338279,"Leialoha hawaiiensis","Endem","Kil",128,127
1,0.0078125,0.544715447154472,0,0,0.0097909952143764,0.0027506525659883,0.0355356686338279,"Leialoha lehuae","Cosmo","Kil",128,127
1,0.0078125,0.552845528455285,0,0,0.0097909952143764,0.0027506525659883,0.0355356686338279,"Leialoha naniicola","Cosmo","Kil",128,127
1,0.0078125,0.560975609756098,0,0,0.0097909952143764,0.0027506525659883,0.0355356686338279,"Leialoha ohiae","Cosmo","Kil",128,127
5,0.0390625,0.227642276422764,0.0302474751200295,0.0101212448080466,0.0107676530911222,0.004147764082598,0.0906789040300467,"Metrarga nuda","Cosmo","Kil",128,123
6,0.046875,0.203252032520325,0.00457122310326171,0.00354593784364953,0.00876550444379334,0.0039913555732213,0.0562137904674256,"Metrarga obscura","Cosmo","Kil",128,122
1,0.0078125,0.569105691056911,0,0,0.00640931731614415,0.00234074464184444,0.00788383368771733,"Neseis whitei brachypterus","Endem","Kil",128,127
9,0.0703125,0.130081300813008,0.0135600958727517,0.00578664728445143,0.00976657876745776,0.00504080107713885,0.676842000172448,"Neseis mauiensis","Cosmo","Kil",128,119
5,0.0390625,0.235772357723577,0.00053519094325265,0,0.00876550444379334,0.00452953049734383,0.175299516381853,"Neseis ochriasis ochriasis","Endem","Kil",128,123
1,0.0078125,0.577235772357724,0,0,0.00820392616466452,0.00248567456244981,0.00535825762573029,"Neseis hiloensis intermedius","Endem","Kil",128,127
1,0.0078125,0.585365853658537,0,0,0.00820392616466452,0.00248567456244981,0.00535825762573029,"Neseis nitida comitans","Endem","Kil",128,127
1,0.0078125,0.59349593495935,0,0,0.00820392616466452,0.00248567456244981,0.00535825762573029,"Neseis nitida pipturi","Endem","Kil",128,127
12,0.09375,0.0731707317073171,0.021961933259343,0.0437640793600421,0.0104258228342612,0.00513959834540512,0.766785360537729,"Neseis fasciata fasciata","Endem","Kil",128,116
9,0.0703125,0.138211382113821,0.0123914476703436,0.0174891177087032,0.00993749389588827,0.00503177593526959,0.684504994172357,"Neseis fasciata hyalina","Endem","Kil",128,119
13,0.1015625,0.0569105691056911,0.0178338044030755,0.0217565006839989,0.00971774587362047,0.00497525753391299,0.695950087417984,"Neseis saundersianus","Cosmo","Kil",128,115
1,0.0078125,0.601626016260163,0,0,0.00803301103623401,0.00248697089170026,0.0176030163327811,"Nesiomiris timberlakei","Endem","Kil",128,127
1,0.0078125,0.609756097560976,0,0,0.00803301103623401,0.00248697089170026,0.0176030163327811,"Nesiomiris williamsi","Endem","Kil",128,127
1,0.0078125,0.617886178861789,0,0,0.00803301103623401,0.00248697089170026,0.0176030163327811,"Nesiomiris pilosus","Endem","Kil",128,127
1,0.0078125,0.626016260162602,0,0,0,NA,0,"Nesiomiris hawaiiensis","Endem","Kil",128,127
2,0.015625,0.365853658536585,0,0,0,NA,0,"Nesodryas swezeyi","Endem","Kil",128,126
1,0.0078125,0.634146341463415,0,0,0.00810626037698994,0.00249687570204056,0.0175590703722946,"Nesophrosyne cinerea","Endem","Kil",128,127
7,0.0546875,0.170731707317073,9.84380367344184e-05,8.08190961515563e-06,0.00915616759449165,0.00495348574243557,0.652793976042957,"Nesophrosyne comma","Endem","Kil",128,121
3,0.0234375,0.308943089430894,0.0240268229267,0.00698681086230204,0.00947358140443403,0.00271020123045107,0.0320792865287648,"Nesophrosyne cuprescens","Endem","Kil",128,125
1,0.0078125,0.642276422764228,0,0,0.00774001367321027,0.00247354888800469,0.00567488358300983,"Nesophrosyne furculata","Endem","Kil",128,127
1,0.0078125,0.650406504065041,0,0,0.00774001367321027,0.00247354888800469,0.00567488358300982,"Nesophrosyne giffardi","Endem","Kil",128,127
1,0.0078125,0.658536585365854,0,0,0,NA,0,"Nesophrosyne heopoko","Endem","Kil",128,127
1,0.0078125,0.666666666666667,0,0,0.00810626037698994,0.00249687570204056,0.0175590703722946,"Nesophrosyne imbricola","Endem","Kil",128,127
1,0.0078125,0.67479674796748,0,0,0.00810626037698994,0.00249687570204056,0.0175590703722947,"Nesophrosyne mabae","Endem","Kil",128,127
1,0.0078125,0.682926829268293,0,0,0.00820392616466452,0.00248567456244981,0.00535825762573029,"Nesophrosyne maritima","Endem","Kil",128,127
1,0.0078125,0.691056910569106,0,0,0.00820392616466452,0.00248567456244981,0.0053582576257303,"Nesophrosyne milu","Endem","Kil",128,127
8,0.0625,0.154471544715447,0.00489400842804514,0,0.00966891297978318,0.00479422794640539,0.247698161810014,"Nesophrosyne monticola","Endem","Kil",128,120
1,0.0078125,0.699186991869919,0,0,0.00810626037698994,0.00249687570204056,0.0175590703722946,"Nesophrosyne nubigena","Endem","Kil",128,127
2,0.015625,0.373983739837398,0,0,0.00582332259009669,0.00301621520303442,0.00422761226313316,"Nesophrosyne ogradyi","Endem","Kil",128,126
5,0.0390625,0.24390243902439,0,0,0,NA,0,"Nesophrosyne palolo","Endem","Kil",128,123
7,0.0546875,0.178861788617886,9.84380367344184e-05,8.08190961515563e-06,0.00915616759449165,0.00495348574243557,0.652793976042957,"Nesophrosyne peleae","Endem","Kil",128,121
2,0.015625,0.382113821138211,0.0185575705555609,0.00560345733317457,0.0105967379626917,0.00297552730924837,0.0530947390061225,"Nesophrosyne procellaris","Endem","Kil",128,126
1,0.0078125,0.707317073170732,0,0,0,NA,0,"Nesophrosyne silvicola","Endem","Kil",128,127
1,0.0078125,0.715447154471545,0,0,0.00788651235472214,0.00246163015946451,0.0276020095605901,"Nesophrosyne silvigena","Cosmo","Kil",128,127
1,0.0078125,0.723577235772358,0,0,0.00626281863463229,0.00229969089889259,0.00746927786228205,"Nesophrosyne aakokohaikea","Endem","Kil",128,127
2,0.015625,0.390243902439024,0,0,0.00682439691376111,0.00327658554958108,0.0240760674902577,"Nesosteles volcanicola","Cosmo","Kil",128,126
2,0.015625,0.398373983739837,0,0,0.00774001367321027,0.00340338312905716,0.0217449078049393,"Nesosydne koae","Cosmo","Kil",128,126
1,0.0078125,0.731707317073171,0,0,0.00640931731614415,0.00234074464184444,0.00788383368771732,"Nesosydne nesopele","Cosmo","Kil",128,127
2,0.015625,0.40650406504065,0,0,0.00774001367321027,0.00340338312905716,0.0217449078049393,"Nesosydne pseudorubescens","Cosmo","Kil",128,126
1,0.0078125,0.739837398373984,0,0,0,NA,0,"Nesosydne aku","Endem","Kil",128,127
1,0.0078125,0.747967479674797,0,0,0.00737376696943061,0.00238000455791657,0.00880650277440314,"Nesosydne anceps","Endem","Kil",128,127
1,0.0078125,0.75609756097561,0,0,0.00874108799687469,0.00247774682049676,0.0929352972323902,"Nesosydne coprosmicola","Endem","Kil",128,127
10,0.078125,0.113821138211382,0,0,0.00712960250024416,0.00454909271455787,0.0284127467305339,"Nesosydne cyrtandricola","Endem","Kil",128,118
2,0.015625,0.414634146341463,0,0,0.00774001367321027,0.00340338312905716,0.0217449078049393,"Nesosydne koaephyllodii","Cosmo","Kil",128,126
2,0.015625,0.422764227642276,0,0,0.00820392616466452,0.00348753432199777,0.0725359077393228,"Nesosydne raillardiae","Endem","Kil",128,126
2,0.015625,0.430894308943089,0,0,0.00774001367321027,0.00340338312905716,0.0217449078049393,"Nesosydne rubescens pele","Endem","Kil",128,126
1,0.0078125,0.764227642276423,0,0,0,NA,0,"Nesosydne ulehihi","Endem","Kil",128,127
1,0.0078125,0.772357723577236,0,0,0.0083015919523391,0.00249468988046726,0.0280901179013776,"Nesosydne cyathodis","Cosmo","Kil",128,127
21,0.1640625,0.024390243902439,0.0492186686972515,0.0658143574585519,0.010230491258912,0.00487162740033991,0.162328045916265,"Nesosydne ipomoeicola","Cosmo","Kil",128,107
2,0.015625,0.439024390243902,0,0,0.00633606797538822,0.00232950475066685,0.00788383368771732,"Nesosydne nephrolepidis","Cosmo","Kil",128,126
2,0.015625,0.447154471544715,0,0,0.00774001367321027,0.00340338312905716,0.0217449078049393,"Nesosydne rubescens","Cosmo","Kil",128,126
27,0.2109375,0.00813008130081301,0.0110291550238035,0.0757517388228537,0.00927824982908487,0.00502063029231888,0.127577672312074,"Nesosydne umbratica","Cosmo","Kil",128,101
1,0.0078125,0.780487804878049,0,0,0.00726389295829671,0.00243064144256047,0.0088453325734604,"Nesothoe dryope","Cosmo","Kil",128,127
1,0.0078125,0.788617886178862,0,0,0.00726389295829671,0.00243064144256047,0.0088453325734604,"Nesothoe haa","Endem","Kil",128,127
6,0.046875,0.211382113821138,0.0072520752683999,0.000735453774979162,0.00886317023146792,0.00465172665131882,0.165435324106813,"Nysius blackburni","Cosmo","Kil",128,122
21,0.1640625,0.032520325203252,0.105376932831199,0.163345361010821,0.0127453852915324,0.00549899594377892,0.918763936707667,"Nysius communis","Cosmo","Kil",128,107
14,0.109375,0.0487804878048781,0.00463660539274157,0.00357220404989879,0.009131751147573,0.00512198407595535,0.253975507774916,"Nysius nemorivagus","Cosmo","Kil",128,114
4,0.03125,0.276422764227642,0,0,0.00820392616466452,0.00438619503886732,0.143690416301874,"Nysius delectulus","Endem","Kil",128,124
24,0.1875,0.016260162601626,0.0442914396072775,0.0679745172001894,0.0119152260962985,0.00541990109265331,1,"Nysius delectus","Cosmo","Kil",128,104
2,0.015625,0.455284552845528,0,0,0.00682439691376111,0.00327658554958108,0.0240760674902577,"Nysius longicollis","Cosmo","Kil",128,126
11,0.0859375,0.0813008130081301,0.0157119851806852,0.00851025082475887,0.00915616759449165,0.00458580386676482,0.228477834899763,"Nysius lichenicola","Endem","Kil",128,117
1,0.0078125,0.796747967479675,0,0,0.00596982127160856,0.00223524902954886,0.00405397113787016,"Nysius dallasi","Endem","Kil",128,127
11,0.0859375,0.0894308943089431,0.0224342951980424,0.0216433539493868,0.009131751147573,0.00467188538969221,0.217760136269406,"Nysius terrestris","Cosmo","Kil",128,117
29,0.2265625,0,0.148429641361166,0.218464792777143,0.0125988866100205,0.00544214629815308,0.535511370576092,"Nysius kinbergi","Cosmo","Kil",128,99
3,0.0234375,0.317073170731707,0,0,0.00650698310381873,0.00367436576910368,0.0269266451596221,"Nysius rubescens","Endem","Kil",128,125
9,0.0703125,0.146341463414634,0.0169484908069374,0.00877291288725143,0.00927824982908487,0.00460300114925562,0.203925941347686,"Nysius coenosulus","Cosmo","Kil",128,119
1,0.0078125,0.804878048780488,0,0,0.00810626037698994,0.00249687570204056,0.0175590703722946,"Oceanides bryani","Endem","Kil",128,127
11,0.0859375,0.0975609756097561,0.018754781728102,0.0192874772965689,0.00944916495751538,0.00497100915395884,0.687189899064861,"Oceanides nimbatus","Cosmo","Kil",128,117
1,0.0078125,0.813008130081301,0,0,0.0097909952143764,0.0027506525659883,0.0355356686338279,"Oceanides pteridicola","Cosmo","Kil",128,127
3,0.0234375,0.32520325203252,0.016803962032115,0.00416757139154858,0.0103769899404239,0.00407523925812757,0.0572805764387671,"Oceanides vulcan","Endem","Kil",128,125
1,0.0078125,0.821138211382114,0,0,0.00774001367321027,0.00247354888800469,0.00567488358300982,"Oceanides nubicola","Endem","Kil",128,127
13,0.1015625,0.0650406504065041,0.0528603132664017,0.048259102789498,0.0104014063873425,0.00514705584240533,0.812176988478273,"Oliarus opuna","Endem","Kil",128,115
3,0.0234375,0.333333333333333,5.31102991783182e-05,0,0.00839925774001367,0.00390828793048989,0.0463367326218158,"Oliarus filicicola","Cosmo","Kil",128,125
1,0.0078125,0.829268292682927,0,0,0.0097909952143764,0.0027506525659883,0.0355356686338279,"Oliarus kanakanus","Endem","Kil",128,127
1,0.0078125,0.83739837398374,0,0,0.0097909952143764,0.0027506525659883,0.0355356686338279,"Oliarus pele","Cosmo","Kil",128,127
2,0.015625,0.463414634146341,0,0,0.00774001367321027,0.00340338312905716,0.0217449078049393,"Opuna sharpianus","Cosmo","Kil",128,126
2,0.015625,0.471544715447154,0,0,0.00774001367321027,0.00340338312905716,0.0217449078049393,"Opuna sharpianus luteus","Cosmo","Kil",128,126
1,0.0078125,0.845528455284553,0,0,0.00726389295829671,0.00243064144256047,0.0088453325734604,"Orthotylus antidesmae","Endem","Kil",128,127
1,0.0078125,0.853658536585366,0,0,0.00747143275710519,0.00241939802265985,0.00881640020216151,"Orthotylus iolani","Endem","Kil",128,127
2,0.015625,0.479674796747967,0,0,0.00900966891297978,0.00349531187452281,0.189298649260462,"Orthotylus kanakanus","Endem","Kil",128,126
1,0.0078125,0.861788617886179,0,0,0.0097909952143764,0.0027506525659883,0.0355356686338279,"Orthotylus metrosideri","Endem","Kil",128,127
1,0.0078125,0.869918699186992,0,0,0.00820392616466452,0.00248567456244981,0.00535825762573029,"Orthotylus pipturi","Endem","Kil",128,127
1,0.0078125,0.878048780487805,0,0,0.00810626037698994,0.00249687570204056,0.0175590703722946,"Orthotylus psychotriae","Endem","Kil",128,127
1,0.0078125,0.886178861788618,0,0,0.0097909952143764,0.0027506525659883,0.0355356686338279,"Sarona adonias","Cosmo","Kil",128,127
1,0.0078125,0.894308943089431,0,0,0.00774001367321027,0.00247354888800469,0.00567488358300983,"Sarona myoporicola","Endem","Kil",128,127
4,0.03125,0.284552845528455,0.00471133365584451,0.000315194474991069,0.00805742748315265,0.00401787498007576,0.0897496442276548,"Sarona hamakua","Endem","Kil",128,124
1,0.0078125,0.902439024390244,0,0,0.00820392616466452,0.00248567456244981,0.0053582576257303,"Sarona mamaki","Endem","Kil",128,127
1,0.0078125,0.910569105691057,0,0,0.00737376696943061,0.00238000455791657,0.00880650277440313,"Sulamita lunalilo","Cosmo","Kil",128,127
5,0.0390625,0.252032520325203,0.00452022266528363,0.00189116684994642,0.00847250708076961,0.00425391643057306,0.0555792522950689,"Koanoa hawaiiensis","Cosmo","Kil",128,123
5,0.0390625,0.260162601626016,0.1113727690202,0.0224173314935315,0.0126233030569392,0.004012942391714,0.167280845631262,"Orthotylus kassandra","Cosmo","Kil",128,123
11,0.0859375,0.105691056910569,0.0269910435343307,0.0586797823487861,0.0102060748119934,0.00514879792296557,0.707976041238233,"Lasiochilus denigratus","Cosmo","Kil",128,117
1,0.0078125,0.91869918699187,0,0,0.00803301103623401,0.00248697089170026,0.0176030163327811,"Lasiochilus montivagus","Endem","Kil",128,127
4,0.03125,0.292682926829268,0.0079463955141835,0.00610251525191043,0.0104014063873425,0.0041184208475657,0.0818724012556435,"Nabis pele","Endem","Kil",128,124
10,0.078125,0.121951219512195,0.0482692873915794,0.0105677703142839,0.0115489793925188,0.00498875137067879,0.231362027279953,"Nabis blackburni","Cosmo","Kil",128,118
2,0.015625,0.48780487804878,0.0141826324956457,0.0119773900496606,0.00986424455513234,0.00276633759714196,0.0358806147545199,"Nabis oscillans","Endem","Kil",128,126
3,0.0234375,0.341463414634146,5.31102991783182e-05,0,0.00839925774001367,0.00390828793048989,0.0463367326218157,"Nabis curtipennis","Endem","Kil",128,125
7,0.0546875,0.186991869918699,9.84380367344184e-05,8.08190961515563e-06,0.00915616759449165,0.00495348574243557,0.652793976042957,"Oechalia patruelis","Cosmo","Kil",128,121
1,0.0078125,0.926829268292683,0,0,0.00803301103623401,0.00248697089170026,0.0176030163327811,"Saldula oahuensis","Cosmo","Kil",128,127
7,0.0546875,0.195121951219512,0.000786337857559924,0,0.00825275905850181,0.00329393328510331,0.0349192711563889,"Chlorococcus straussiae","Cosmo","Kil",128,121
1,0.0078125,0.934959349593496,0,0,0.00820392616466452,0.00248567456244981,0.0053582576257303,"Nesococcus pipturi","Endem","Kil",128,127
3,0.0234375,0.349593495934959,5.31102991783182e-05,0,0.00839925774001367,0.00390828793048989,0.0463367326218158,"Nesopedronia cibotii","Endem","Kil",128,125
1,0.0078125,0.943089430894309,0,0,0.0097909952143764,0.0027506525659883,0.0355356686338279,"Ohiacoccus cryptus","Endem","Kil",128,127
1,0.0078125,0.951219512195122,0,0,0.0061041117296611,0.00167650567204466,0.000344946120692034,"Pseudococcus antricolens","Cosmo","Kil",128,127
1,0.0078125,0.959349593495935,0,0,0,NA,0,"Pseudococcus lycopodii","Endem","Kil",128,127
1,0.0078125,0.967479674796748,0,0,0.00737376696943061,0.00238000455791657,0.00880650277440313,"Pseudococcus montanus","Endem","Kil",128,127
1,0.0078125,0.975609756097561,0,0,0.0097909952143764,0.0027506525659883,0.0355356686338279,"Tympanococcus tympanistus","Cosmo","Kil",128,127
1,0.0078125,0.983739837398374,0,0,0.0097909952143764,0.0027506525659883,0.0355356686338279,"Kuwayama minuta","Endem","Kil",128,127
1,0.0078125,0.991869918699187,0,0,0.0097909952143764,0.0027506525659883,0.0355356686338279,"Kuwayama nigricapita","Cosmo","Kil",128,127
1,0.0078125,1,0,0,0.0097909952143764,0.0027506525659883,0.0355356686338279,"Trioza hawaiiensis","Endem","Kil",128,127
6,0.0540540540540541,0.295081967213115,0,0,0.0191197691197691,0.00825908057573874,0.06093975638845,"Aloha swezeyi","Cosmo","Koh",111,105
1,0.00900900900900901,0.721311475409836,0,0,0.0141895141895142,0.00389112580394897,0.00145364956259568,"Aloha ipomoeae","Cosmo","Koh",111,110
12,0.108108108108108,0.0983606557377049,0.0607493293408148,0.0976194041024105,0.0247715247715248,0.0105130295342417,0.765184343849085,"Balclutha plutonis","Cosmo","Koh",111,99
9,0.0810810810810811,0.147540983606557,0,0,0.0168350168350168,0.0082843517541346,0.0837344609590778,"Balclutha volcanicola","Cosmo","Koh",111,102
2,0.018018018018018,0.540983606557377,0,0,0.0198412698412698,0.00660474092612732,0.0375456303826974,"Balolina kilaueae","Cosmo","Koh",111,109
3,0.027027027027027,0.508196721311475,0.00594135802469136,0,0.0194805194805195,0.00606572176554731,0.0268916137976918,"Glyptonysius amicola","Cosmo","Koh",111,108
2,0.018018018018018,0.557377049180328,0,0,0.0198412698412698,0.00660474092612732,0.0375456303826974,"Metrarga nuda","Cosmo","Koh",111,109
5,0.045045045045045,0.360655737704918,0,0,0.0198412698412698,0.00660474092612732,0.0389894501100775,"Metrarga obscura","Cosmo","Koh",111,106
8,0.0720720720720721,0.213114754098361,0.0542543490460157,0.0112292259320258,0.0242905242905243,0.0104548015057737,0.684339108080656,"Neseis mauiensis","Cosmo","Koh",111,103
9,0.0810810810810811,0.163934426229508,0.0222786196291631,0.0202625143484554,0.0232082732082732,0.0102858974252667,0.733459346252398,"Neseis fasciata fasciata","Endem","Koh",111,102
7,0.0630630630630631,0.262295081967213,0.00815521200484968,0.00254529121125917,0.0217652717652718,0.0101461201076927,0.670991466271428,"Neseis fasciata hyalina","Endem","Koh",111,104
12,0.108108108108108,0.114754098360656,0.00581275720164609,0,0.0217652717652718,0.0100698850779557,0.707688515019955,"Neseis saundersianus","Cosmo","Koh",111,99
2,0.018018018018018,0.573770491803279,0,0,0.0191197691197691,0.00451063881605118,0.0227677539211169,"Nesiomiris timberlakei","Endem","Koh",111,109
1,0.00900900900900901,0.737704918032787,0,0,0.0191197691197691,0.00451063881605118,0.0224867160833887,"Nesiomiris williamsi","Endem","Koh",111,110
1,0.00900900900900901,0.754098360655738,0,0,0.0191197691197691,0.00451063881605118,0.0224867160833887,"Nesiomiris pilosus","Endem","Koh",111,110
1,0.00900900900900901,0.770491803278688,0,0,0,NA,3.94292486028375e-17,"Nesiomiris hawaiiensis","Endem","Koh",111,110
2,0.018018018018018,0.590163934426229,0,0,0,NA,7.83907790999917e-17,"Nesodryas swezeyi","Endem","Koh",111,109
1,0.00900900900900901,0.786885245901639,0,0,0.0168951418951419,0.00441269283711745,0.0106200316069409,"Nesophrosyne cuprescens","Endem","Koh",111,110
1,0.00900900900900901,0.80327868852459,0,0,0,NA,4.94343093101121e-17,"Nesophrosyne heopoko","Endem","Koh",111,110
5,0.045045045045045,0.377049180327869,0.0169460490641046,0,0.0233285233285233,0.00794467819014055,0.213996569591278,"Nesophrosyne monticola","Endem","Koh",111,106
5,0.045045045045045,0.39344262295082,0,0,0.00216450216450216,NA,1.61319121600783e-16,"Nesophrosyne palolo","Endem","Koh",111,106
6,0.0540540540540541,0.311475409836066,0,0,0.0214045214045214,0.0100698850779557,0.653405129967197,"Nesophrosyne peleae","Endem","Koh",111,105
1,0.00900900900900901,0.819672131147541,0,0,0.0143097643097643,0.0040466227996773,0.0092824794731592,"Nesophrosyne insularis","Endem","Koh",111,110
5,0.045045045045045,0.409836065573771,0,0,0.0168350168350168,0.0082843517541346,0.0796000958508095,"Nesosteles volcanicola","Cosmo","Koh",111,106
1,0.00900900900900901,0.836065573770492,0,0,0,NA,4.28313797151404e-17,"Nesosydne aku","Endem","Koh",111,110
1,0.00900900900900901,0.852459016393443,0,0,0,NA,4.69129927491161e-17,"Nesosydne ulehihi","Endem","Koh",111,110
15,0.135135135135135,0.0655737704918033,0.120558366754019,0.107800568947447,0.0239297739297739,0.00938351832679941,0.116311046452203,"Nesosydne ipomoeicola","Cosmo","Koh",111,96
27,0.243243243243243,0,0.00586325968270412,0.0886360233567899,0.0192400192400192,0.00982648112003954,0.151535654248574,"Nesosydne umbratica","Cosmo","Koh",111,84
1,0.00900900900900901,0.868852459016393,0,0,0.0168951418951419,0.00441269283711745,0.0106200316069409,"Nesothoe dryope","Cosmo","Koh",111,110
1,0.00900900900900901,0.885245901639344,0,0,0.0168951418951419,0.00441269283711745,0.0106200316069409,"Nesothoe haa","Endem","Koh",111,110
18,0.162162162162162,0.0491803278688525,0.292260392977482,0.223885811249189,0.0295815295815296,0.0113345822481827,0.877398765018395,"Nysius communis","Cosmo","Koh",111,93
14,0.126126126126126,0.0819672131147541,0.00269418724279835,0.00778559664620452,0.0200817700817701,0.00971723466520538,0.231091078276628,"Nysius nemorivagus","Cosmo","Koh",111,97
20,0.18018018018018,0.0327868852459016,0.0206423684005206,0.0252033737585467,0.0240500240500241,0.0106923821955332,0.916290845416249,"Nysius delectus","Cosmo","Koh",111,91
5,0.045045045045045,0.426229508196721,0,0,0.0168350168350168,0.0082843517541346,0.0796000958508096,"Nysius longicollis","Cosmo","Koh",111,106
1,0.00900900900900901,0.901639344262295,0,0,0.0135281385281385,0.00382286530706732,0.00417480500108248,"Nysius dallasi","Endem","Koh",111,110
7,0.0630630630630631,0.278688524590164,0.0181657225512902,0.00479113639766432,0.0200817700817701,0.00798760917260259,0.138394761811473,"Nysius terrestris","Cosmo","Koh",111,104
25,0.225225225225225,0.0163934426229508,0.124281270650534,0.15421470279982,0.0245310245310245,0.0103789638470633,0.429835462348026,"Nysius kinbergi","Cosmo","Koh",111,86
10,0.0900900900900901,0.131147540983607,0.0299374153087921,0.0401257673304387,0.0208032708032708,0.00891535676051971,0.19564443917913,"Nysius coenosulus","Cosmo","Koh",111,101
8,0.0720720720720721,0.229508196721311,0.0318210339043672,0.0279982033238509,0.0221260221260221,0.0101231286730503,0.670969845590612,"Oceanides nimbatus","Cosmo","Koh",111,103
2,0.018018018018018,0.60655737704918,0,0,0.0155122655122655,0.00595111494893522,0.0158602111498218,"Oceanides vulcan","Endem","Koh",111,109
9,0.0810810810810811,0.180327868852459,0.0116906783724417,0.00239556819883216,0.0233285233285233,0.0102658062430113,0.752029367816336,"Oliarus opuna","Endem","Koh",111,102
2,0.018018018018018,0.622950819672131,0,0,0.0198412698412698,0.00660474092612732,0.0375456303826974,"Oliarus filicicola","Cosmo","Koh",111,109
2,0.018018018018018,0.639344262295082,0,0,0.0155122655122655,0.00595111494893522,0.0158602111498218,"Opuna sharpianus","Cosmo","Koh",111,109
2,0.018018018018018,0.655737704918033,0,0,0.0155122655122655,0.00595111494893522,0.0158602111498217,"Opuna sharpianus luteus","Cosmo","Koh",111,109
1,0.00900900900900901,0.918032786885246,0,0,0.0168951418951419,0.00441269283711745,0.0106200316069409,"Orthotylus antidesmae","Endem","Koh",111,110
3,0.027027027027027,0.524590163934426,0.00924343146565369,0.00014972301242701,0.0176767676767677,0.00635718715325382,0.071750359454129,"Sarona hamakua","Endem","Koh",111,108
4,0.036036036036036,0.491803278688525,0,0,0.0191197691197691,0.00825908057573874,0.0594353148500856,"Koanoa hawaiiensis","Cosmo","Koh",111,107
9,0.0810810810810811,0.19672131147541,0.121491034685479,0.184458751310076,0.0258537758537759,0.0109592035736784,0.701570791956834,"Lasiochilus denigratus","Cosmo","Koh",111,102
1,0.00900900900900901,0.934426229508197,0,0,0.0191197691197691,0.00451063881605118,0.0224867160833887,"Lasiochilus montivagus","Endem","Koh",111,110
2,0.018018018018018,0.672131147540984,0,0,0.0198412698412698,0.00660474092612732,0.0375456303826974,"Nabis pele","Endem","Koh",111,109
8,0.0720720720720721,0.245901639344262,0.0365187192481878,0.00089833807456206,0.0214045214045214,0.00899282698131333,0.165026550920664,"Nabis blackburni","Cosmo","Koh",111,103
1,0.00900900900900901,0.950819672131147,0,0,0.000721500721500722,NA,3.85629411638834e-17,"Nabis oscillans","Endem","Koh",111,110
2,0.018018018018018,0.688524590163934,0,0,0.0198412698412698,0.00660474092612732,0.0375456303826974,"Nabis curtipennis","Endem","Koh",111,109
6,0.0540540540540541,0.327868852459016,0,0,0.0214045214045214,0.0100698850779557,0.653405129967196,"Oechalia patruelis","Cosmo","Koh",111,105
1,0.00900900900900901,0.967213114754098,0,0,0.0191197691197691,0.00451063881605118,0.0224867160833887,"Saldula oahuensis","Cosmo","Koh",111,110
6,0.0540540540540541,0.344262295081967,0.000694444444444444,0,0.0164141414141414,0.00425737703910521,0.0202732765363696,"Chlorococcus straussiae","Cosmo","Koh",111,105
2,0.018018018018018,0.704918032786885,0,0,0.0198412698412698,0.00660474092612732,0.0375456303826974,"Nesopedronia cibotii","Endem","Koh",111,109
1,0.00900900900900901,0.983606557377049,0,0,0.000721500721500722,NA,4.07795257059667e-17,"Pseudococcus antricolens","Cosmo","Koh",111,110
1,0.00900900900900901,1,0,0,0,NA,5.09715187007388e-17,"Pseudococcus lycopodii","Endem","Koh",111,110
5,0.045045045045045,0.442622950819672,0,0,0.00216450216450216,NA,1.57367052299533e-16,"Hevaheva giffardi","Endem","Koh",111,106
5,0.045045045045045,0.459016393442623,0,0,0.00216450216450216,NA,1.88523585842865e-16,"Hevaheva hyalina","Endem","Koh",111,106
5,0.045045045045045,0.475409836065574,0,0,0.00216450216450216,NA,1.58358231280286e-16,"Hevaheva perkinsi","Cosmo","Koh",111,106
1,0.00632911392405063,0.537037037037037,0,0,0.0101469189303456,0.00228541171197516,0.0263368809405837,"Balclutha lobata","Cosmo","Hal",158,157
16,0.10126582278481,0.0648148148148148,0.0481132970928889,0.037024927301399,0.0124370221611528,0.00501692759904966,0.719487658083526,"Balclutha plutonis","Cosmo","Hal",158,142
1,0.00632911392405063,0.546296296296296,0,0,0.0101469189303456,0.00228541171197516,0.0263368809405837,"Balclutha usitata","Cosmo","Hal",158,157
8,0.0506329113924051,0.25,0,0,0.00813867455871472,0.00309966488532931,0.0178214584536347,"Balclutha volcanicola","Cosmo","Hal",158,150
2,0.0126582278481013,0.453703703703704,0.000185946614518043,0,0.00993552478596343,0.0031992147198594,0.0309540150057459,"Balolina kilaueae","Cosmo","Hal",158,156
1,0.00632911392405063,0.555555555555556,0,0,0.00813867455871472,0.00218134507141373,0.00849414504506897,"Emoloana eragrosticola","Endem","Hal",158,157
1,0.00632911392405063,0.564814814814815,0,0,0.00724024944509037,0.00212273431867586,0.00440701565560463,"Engytatus sidae","Endem","Hal",158,157
6,0.0379746835443038,0.333333333333333,0.0514906547513139,0.0261801767914237,0.0134235281682697,0.00421858133020279,0.0747175068026016,"Glyptonysius amicola","Cosmo","Hal",158,152
8,0.0506329113924051,0.259259259259259,0.0279909198276545,0.0120368628926086,0.0113095867244477,0.00464138487554971,0.13757321418545,"Iolania mauiensis","Endem","Hal",158,150
1,0.00632911392405063,0.574074074074074,0,0,0.0112743543670507,0.00245486199351728,0.0305713144106371,"Leialoha lehuae","Cosmo","Hal",158,157
1,0.00632911392405063,0.583333333333333,0,0,0.0112743543670507,0.00245486199351728,0.0305713144106371,"Leialoha ohiae","Cosmo","Hal",158,157
1,0.00632911392405063,0.592592592592593,0,0,0.0112743543670507,0.00245486199351728,0.0305713144106371,"Leialoha mauiensis","Endem","Hal",158,157
5,0.0316455696202532,0.37037037037037,0.018431934443339,0.00361105886778258,0.0125427192333439,0.00391013895237115,0.0791054649721254,"Metrarga nuda","Cosmo","Hal",158,153
12,0.0759493670886076,0.111111111111111,0.0310324823994808,0.0111456720822905,0.0128950428073142,0.00497323081394737,0.68276672750614,"Neseis mauiensis","Cosmo","Hal",158,146
3,0.0189873417721519,0.425925925925926,0.00407947799226891,0.000827534323866842,0.0103583130747278,0.00361625304817956,0.0254246921632863,"Neseis nitidus nitidus","Endem","Hal",158,155
13,0.0822784810126582,0.0925925925925926,0.0326388725262791,0.0213770055410078,0.0120494662297854,0.00489987918958354,0.645628626578777,"Neseis saundersianus","Cosmo","Hal",158,145
1,0.00632911392405063,0.601851851851852,0,0,0.00801536130782511,0.00217927691453109,0.00673663081396476,"Neseis kirkaldyi","Endem","Hal",158,157
12,0.0759493670886076,0.12037037037037,0.0310324823994808,0.0112961328684481,0.0128950428073142,0.00497323081394737,0.68276672750614,"Neseis mauiensis pallidipennis","Endem","Hal",158,146
1,0.00632911392405063,0.611111111111111,0,0,0.00762780537645774,0.00181276142770754,0.00035538417828063,"Neseis pallida","Endem","Hal",158,157
2,0.0126582278481013,0.462962962962963,0,0,0.0097945953563753,0.00333214625345792,0.0179934166570437,"Neseis hiloensis approximatus","Endem","Hal",158,156
2,0.0126582278481013,0.472222222222222,0,0,0.00782158334214142,0.00297041813262392,0.0235143045620297,"Neseis ampliata","Endem","Hal",158,156
1,0.00632911392405063,0.62037037037037,0,0,0.00988267624986788,0.00230254741095362,0.0215110130868895,"Neseis neochinai","Endem","Hal",158,157
1,0.00632911392405063,0.62962962962963,0,0,0,NA,5.1005909768245e-17,"Neseis pallassatus","Endem","Hal",158,157
1,0.00632911392405063,0.638888888888889,0,0,0.00988267624986788,0.00230254741095362,0.0215110130868895,"Nesiomiris kraussi","Endem","Hal",158,157
1,0.00632911392405063,0.648148148148148,0,0,0.00988267624986788,0.00230254741095362,0.0215110130868896,"Nesiomiris rufonotus","Endem","Hal",158,157
1,0.00632911392405063,0.657407407407407,0,0,0.00988267624986788,0.00230254741095362,0.0215110130868895,"Nesiomiris cheliferus","Endem","Hal",158,157
1,0.00632911392405063,0.666666666666667,0,0,0.000211394144382201,NA,4.60061932426232e-17,"Nesiomiris byroniae","Endem","Hal",158,157
1,0.00632911392405063,0.675925925925926,0,0,0.000211394144382201,NA,5.37315339429224e-17,"Nesiomiris kawau","Endem","Hal",158,157
1,0.00632911392405063,0.685185185185185,0,0,0.00961843356939013,0.00224961534845507,0.0203942547226533,"Nesophrosyne montium","Endem","Hal",158,157
1,0.00632911392405063,0.694444444444444,0,0,0.00961843356939013,0.00224961534845507,0.0203942547226533,"Nesophrosyne silvigena","Cosmo","Hal",158,157
8,0.0506329113924051,0.268518518518519,4.24286138571853e-05,1.15739066275083e-05,0.0111334249374626,0.00488259563283684,0.615175561094512,"Nesophryne alticola","Endem","Hal",158,150
8,0.0506329113924051,0.277777777777778,4.24286138571853e-05,1.15739066275083e-05,0.0111334249374626,0.00488259563283684,0.615175561094512,"Nesophrosyne caelicola","Endem","Hal",158,150
4,0.0253164556962025,0.398148148148148,0,0,0.00856146284747913,0.00218234774008845,0.00805400475728968,"Nesophrosyne ehu","Endem","Hal",158,154
1,0.00632911392405063,0.703703703703704,0,0,0.00801536130782511,0.00217927691453109,0.00673663081396476,"Nesophryne kaiamamao","Endem","Hal",158,157
5,0.0316455696202532,0.37962962962963,0.00580902904800206,0,0.0118733044428003,0.00441581985580134,0.166852721892368,"Nesophrosyne notatula","Endem","Hal",158,153
1,0.00632911392405063,0.712962962962963,0,0,0.00801536130782511,0.00217927691453109,0.00673663081396476,"Nesophrosyne nuenue","Endem","Hal",158,157
8,0.0506329113924051,0.287037037037037,4.24286138571853e-05,1.15739066275083e-05,0.0111334249374626,0.00488259563283684,0.615175561094511,"Nesophrosyne obliqua","Endem","Hal",158,150
2,0.0126582278481013,0.481481481481481,0,0,0.00813867455871472,0.00309966488532931,0.0169163941052061,"Nesosteles volcanicola","Cosmo","Hal",158,156
1,0.00632911392405063,0.722222222222222,0,0,0.0100412218581545,0.00237255956342603,0.0150837061588391,"Nesosydne koae","Cosmo","Hal",158,157
1,0.00632911392405063,0.731481481481482,0,0,0,NA,4.41719808465595e-17,"Nesosydne nesopele","Cosmo","Hal",158,157
1,0.00632911392405063,0.740740740740741,0,0,0.0100412218581545,0.00237255956342603,0.0150837061588391,"Nesosydne pseudorubescens","Cosmo","Hal",158,157
1,0.00632911392405063,0.75,0,0,0.0101469189303456,0.00228541171197516,0.0263368809405837,"Nesosydne cyathodis","Cosmo","Hal",158,157
23,0.145569620253165,0.037037037037037,0.0573010471749,0.0443107015234154,0.0124370221611528,0.00491547565944258,0.226258279500662,"Nesosydne ipomoeicola","Cosmo","Hal",158,135
2,0.0126582278481013,0.490740740740741,0,0,0,NA,1.00592907743391e-16,"Nesosydne nephrolepidis","Cosmo","Hal",158,156
1,0.00632911392405063,0.759259259259259,0,0,0.0100412218581545,0.00237255956342603,0.0150837061588391,"Nesosydne rubescens","Cosmo","Hal",158,157
28,0.177215189873418,0.0185185185185185,0.0392449296672276,0.0620274590934738,0.0119437691575943,0.00502082549522526,0.199482820479671,"Nesosydne umbratica","Cosmo","Hal",158,130
13,0.0822784810126582,0.101851851851852,0.0127698625147605,0.0749294715064886,0.0103583130747278,0.00353481973182346,0.0218725622564332,"Nesosydne waikamoiensis","Endem","Hal",158,145
2,0.0126582278481013,0.5,0,0,0.0097945953563753,0.00333214625345792,0.0179934166570437,"Nesosydne mamake","Endem","Hal",158,156
4,0.0253164556962025,0.407407407407407,0,0,0.0103583130747278,0.0042969598299045,0.0888834200414236,"Nesosydne amaumau","Endem","Hal",158,154
1,0.00632911392405063,0.768518518518518,0,0,0.0109220307930804,0.00225809865053086,0.0772105542786091,"Nesosydne pilo","Endem","Hal",158,157
11,0.069620253164557,0.185185185185185,0,0,0.00826198780960434,0.00456511274285329,0.0649293220745531,"Nesosydne cyrtandrae","Endem","Hal",158,147
11,0.069620253164557,0.194444444444444,0,0,0.00826198780960434,0.00456511274285329,0.0649293220745532,"Nesosydne longipes","Endem","Hal",158,147
11,0.069620253164557,0.203703703703704,0,0,0.00826198780960434,0.00456511274285329,0.0649293220745531,"Nesosydne sulcata","Endem","Hal",158,147
7,0.0443037974683544,0.314814814814815,0.00328407366222492,0,0.0102878483599338,0.0045337798460556,0.129283921536138,"Nesothoe fletus","Cosmo","Hal",158,151
7,0.0443037974683544,0.324074074074074,0.00593567889486257,0,0.0109220307930804,0.00472515005977061,0.164055694533971,"Nysius blackburni","Cosmo","Hal",158,151
25,0.158227848101266,0.0277777777777778,0.119577735607051,0.143400703114828,0.0153965401825036,0.00535941079054592,0.919323690274339,"Nysius communis","Cosmo","Hal",158,133
19,0.120253164556962,0.0462962962962963,0.00448950702697363,0,0.0112038896522566,0.00514909487040677,0.315505614165082,"Nysius nemorivagus","Cosmo","Hal",158,139
31,0.19620253164557,0.00925925925925926,0.0564485058046999,0.0989395408052545,0.0141986400310045,0.00536975003777336,1,"Nysius delectus","Cosmo","Hal",158,127
2,0.0126582278481013,0.509259259259259,0,0,0.00813867455871472,0.00309966488532931,0.0169163941052061,"Nysius longicollis","Cosmo","Hal",158,156
19,0.120253164556962,0.0555555555555556,0.00906499555281648,0.0131653187887907,0.0108867984356833,0.00497360317777245,0.292355478889036,"Nysius terrestris","Cosmo","Hal",158,139
36,0.227848101265823,0,0.137223503794487,0.184953921384239,0.0152908431103125,0.0054688074470403,0.64320389063702,"Nysius kinbergi","Cosmo","Hal",158,122
12,0.0759493670886076,0.12962962962963,0.0357631181693065,0.0204626669174346,0.0113095867244477,0.00481094277646212,0.223903996499403,"Nysius coenosulus","Cosmo","Hal",158,146
14,0.0886075949367089,0.0833333333333333,0.0435686267677129,0.0822268196351326,0.0134587605256668,0.0052121403389547,0.294355814953414,"Oceanides montivagus","Endem","Hal",158,144
12,0.0759493670886076,0.138888888888889,0.0254214407275632,0.029351427207361,0.011556213226227,0.00490856693494941,0.638115569817225,"Oceanides nimbatus","Cosmo","Hal",158,146
1,0.00632911392405063,0.777777777777778,0,0,0.0112743543670507,0.00245486199351728,0.0305713144106371,"Oceanides pteridicola","Cosmo","Hal",158,157
3,0.0189873417721519,0.435185185185185,0.000185946614518043,0,0.00993552478596343,0.00374105467779487,0.0419531633300618,"Oliarus filicicola","Cosmo","Hal",158,155
1,0.00632911392405063,0.787037037037037,0,0,0.0112743543670507,0.00245486199351728,0.0305713144106371,"Oliarus pele","Cosmo","Hal",158,157
12,0.0759493670886076,0.148148148148148,0.00458738003756011,0,0.00991790860726491,0.00458665685818828,0.0768408658297396,"Oliarus haleakalae","Endem","Hal",158,146
9,0.0569620253164557,0.231481481481481,0.0114728824541782,0.00737257852172278,0.0118028397280062,0.00477587235902213,0.148830000028529,"Oliarus halehaku","Endem","Hal",158,149
1,0.00632911392405063,0.796296296296296,0,0,0.0100412218581545,0.00237255956342603,0.0150837061588391,"Opuna sharpianus","Cosmo","Hal",158,157
1,0.00632911392405063,0.805555555555556,0,0,0.0100412218581545,0.00237255956342603,0.0150837061588391,"Opuna sharpianus luteus","Cosmo","Hal",158,157
3,0.0189873417721519,0.444444444444444,0,0,0.0100764542155516,0.00376453825280557,0.0445813004071064,"Orthotylus clermontioides","Endem","Hal",158,155
1,0.00632911392405063,0.814814814814815,0,0,0.0109220307930804,0.00225809865053086,0.077210554278609,"Orthotylus coprosmae","Endem","Hal",158,157
1,0.00632911392405063,0.824074074074074,0,0,0,NA,5.11999380611837e-17,"Orthotylus hedyotiphila","Endem","Hal",158,157
1,0.00632911392405063,0.833333333333333,0,0,0,NA,5.0657790151654e-17,"Orthotylus hedyotioides","Endem","Hal",158,157
1,0.00632911392405063,0.842592592592593,0,0,0,NA,5.00765823985388e-17,"Orthotylus perrottetiopsis","Endem","Hal",158,157
1,0.00632911392405063,0.851851851851852,0,0,0.00743402741077406,0.00210207196688114,0.00551136705606876,"Orthotylus pisoniopsis","Endem","Hal",158,157
1,0.00632911392405063,0.861111111111111,0,0,0.0073811788746785,0.00175630559661016,0.000201568018355512,"Orthotylus kopiko","Endem","Hal",158,157
1,0.00632911392405063,0.87037037037037,0,0,0.0073811788746785,0.00175630559661016,0.000201568018355513,"Orthotylus neopsychotrioides","Endem","Hal",158,157
1,0.00632911392405063,0.87962962962963,0,0,0.00827960398830286,0.00219788645820182,0.00743127550624263,"Orthotylus Urera sp.phila","Endem","Hal",158,157
1,0.00632911392405063,0.888888888888889,0,0,0,NA,5.42394082439705e-17,"Orthotylus xylosmoides","Endem","Hal",158,157
1,0.00632911392405063,0.898148148148148,0,0,0.0112743543670507,0.00245486199351728,0.0305713144106371,"Sarona adonias","Cosmo","Hal",158,157
1,0.00632911392405063,0.907407407407407,0,0,0.00988267624986788,0.00230254741095362,0.0215110130868895,"Sarona kanaka","Endem","Hal",158,157
12,0.0759493670886076,0.157407407407407,0,0,0.000211394144382201,NA,3.24693899187568e-16,"Sarona dakine","Endem","Hal",158,146
6,0.0379746835443038,0.342592592592593,0,0,0.00961843356939013,0.0045337798460556,0.120639321610634,"Sarona kane","Endem","Hal",158,152
2,0.0126582278481013,0.518518518518518,0,0,0.0097945953563753,0.00333214625345792,0.0179934166570437,"Sarona maui","Endem","Hal",158,156
2,0.0126582278481013,0.527777777777778,0,0,0.0097945953563753,0.00333214625345792,0.0179934166570437,"Sarona pusilla","Endem","Hal",158,156
4,0.0253164556962025,0.416666666666667,0,0,0.0073811788746785,0.00271873250676525,0.000796035423729699,"Sephora criniger","Endem","Hal",158,154
5,0.0316455696202532,0.388888888888889,0.00125088645496809,0,0.0101997674664412,0.00399741457850316,0.0527760870287596,"Koanoa hawaiiensis","Cosmo","Hal",158,153
12,0.0759493670886076,0.166666666666667,0.01590194683077,0.0211889295583108,0.0122960927315647,0.00497635256942844,0.665773324350078,"Lasiochilus denigratus","Cosmo","Hal",158,146
16,0.10126582278481,0.0740740740740741,0.057120412757345,0.0565732555952605,0.0108515660782863,0.0033104126496061,0.0197588871819581,"Lilia dilecta","Endem","Hal",158,142
11,0.069620253164557,0.212962962962963,0.0610871708057356,0.0172277600150461,0.0139520135292252,0.00502844767640144,0.234283208915041,"Nabis blackburni","Cosmo","Hal",158,147
9,0.0569620253164557,0.240740740740741,0.0382055869383058,0.0203237800379045,0.0124017898037558,0.00493481600552314,0.630259267253351,"Nabis rubritinctus","Endem","Hal",158,149
1,0.00632911392405063,0.916666666666667,0,0,0.0112743543670507,0.00245486199351728,0.0305713144106371,"Nabis nubigenus","Endem","Hal",158,157
1,0.00632911392405063,0.925925925925926,0,0,0.0112743543670507,0.00245486199351728,0.030571314410637,"Saicella kipahulu","Endem","Hal",158,157
1,0.00632911392405063,0.935185185185185,0,0,0.0112743543670507,0.00245486199351728,0.0305713144106371,"Saicella lilinoe","Endem","Hal",158,157
1,0.00632911392405063,0.944444444444444,0,0,0.00988267624986788,0.00230254741095362,0.0215110130868895,"Saldula oahuensis","Cosmo","Hal",158,157
6,0.0379746835443038,0.351851851851852,0,0,0.00961843356939013,0.0045337798460556,0.120639321610634,"Chlorococcus longipes","Endem","Hal",158,152
8,0.0506329113924051,0.296296296296296,0,0,0.0100764542155516,0.00478362882989673,0.0977332084382844,"Chlorococcus sparsus","Endem","Hal",158,150
10,0.0632911392405063,0.222222222222222,0.00911995019137876,0,0.00847338195398654,0.00271873250676525,0.00285617779907866,"Chlorococcus straussiae","Cosmo","Hal",158,148
6,0.0379746835443038,0.361111111111111,0,0,0.00961843356939013,0.0045337798460556,0.120639321610634,"Pseudococcus mendiculus","Endem","Hal",158,152
1,0.00632911392405063,0.953703703703704,0,0,0.0100412218581545,0.00237255956342603,0.0150837061588391,"Pseudococcus swezeyi","Cosmo","Hal",158,157
8,0.0506329113924051,0.305555555555556,4.24286138571853e-05,1.15739066275083e-05,0.0111334249374626,0.00488259563283684,0.615175561094512,"Tomentocera haleakala","Endem","Hal",158,150
1,0.00632911392405063,0.962962962962963,0,0,0.0112743543670507,0.00245486199351728,0.0305713144106371,"Tympanococcus tympanistus","Cosmo","Hal",158,157
12,0.0759493670886076,0.175925925925926,0,0,0.000211394144382201,NA,3.64142632804979e-16,"Hevaheva swezeyi","Endem","Hal",158,146
1,0.00632911392405063,0.972222222222222,0,0,0.0112743543670507,0.00245486199351728,0.0305713144106371,"Kuwayama gracilis","Endem","Hal",158,157
1,0.00632911392405063,0.981481481481482,0,0,0.0112743543670507,0.00245486199351728,0.0305713144106371,"Kuwayama nigricapita","Cosmo","Hal",158,157
1,0.00632911392405063,0.990740740740741,0,0,0.000211394144382201,NA,5.29488879037361e-17,"Swezeyana elongagena","Cosmo","Hal",158,157
1,0.00632911392405063,1,0,0,0.000211394144382201,NA,4.89732798777259e-17,"Swezeyana reticulata","Cosmo","Hal",158,157
12,0.0655737704918033,0.176470588235294,0.000351339481774264,0,0.0121045654713759,0.00599883957211978,0.0387439151751717,"Aloha swezeyi","Cosmo","KoK",183,171
1,0.00546448087431694,0.509803921568627,0,0,0.00954884515143345,0.00262438391246459,0.00101826225312529,"Aloha ipomoeae","Cosmo","KoK",183,182
1,0.00546448087431694,0.519607843137255,0,0,0.0133402983733261,0.0028776446388765,0.0232032528620396,"Balclutha lobata","Cosmo","KoK",183,182
1,0.00546448087431694,0.529411764705882,0,0,0.0133402983733261,0.0028776446388765,0.0232032528620396,"Balclutha usitata","Cosmo","KoK",183,182
2,0.0109289617486339,0.411764705882353,0.00843314897662724,0,0.0135088074054103,0.00379231087407019,0.0263247576419381,"Balclutha phoxocephala","Endem","KoK",183,181
1,0.00546448087431694,0.53921568627451,0,0,0.0130594499865193,0.00283530445248226,0.00585488109638414,"Balolina kilaueae","Cosmo","KoK",183,182
1,0.00546448087431694,0.549019607843137,0,0,0.0125539228902669,0.00282333266024711,0.0123093539143917,"Dictyophorodelphax zwaluwenburgi vicar","Endem","KoK",183,182
1,0.00546448087431694,0.558823529411765,0,0,0.0133402983733261,0.0028776446388765,0.0232032528620396,"Dictyophorodelphax zwaluwenburgi","Endem","KoK",183,182
5,0.0273224043715847,0.323529411764706,0,0,0,NA,1.71303324239702e-17,"Emoloana sporobolicola","Cosmo","KoK",183,178
6,0.0327868852459016,0.284313725490196,0,0,0,NA,5.32997710237579e-17,"Engytatus lysimachiae","Endem","KoK",183,177
12,0.0655737704918033,0.186274509803922,0.000607894520937999,0.000114277007466098,0.012722431922351,0.00610499895254697,0.300152198934791,"Glyptonysius hylaeus","Endem","KoK",183,171
9,0.0491803278688525,0.235294117647059,0.000608165440181251,0.0156369038549444,0.013621146760133,0.00601078902692725,0.0908120186107603,"Iolania kraussohana","Endem","KoK",183,174
1,0.00546448087431694,0.568627450980392,0,0,0.0144075222431922,0.00305459977075058,0.0258013406238672,"Leialoha lehuae","Cosmo","KoK",183,182
1,0.00546448087431694,0.57843137254902,0,0,0.0144075222431922,0.00305459977075058,0.0258013406238673,"Leialoha naniicola","Cosmo","KoK",183,182
1,0.00546448087431694,0.588235294117647,0,0,0.0144075222431922,0.00305459977075058,0.0258013406238673,"Leialoha ohiae","Cosmo","KoK",183,182
1,0.00546448087431694,0.598039215686274,0,0,0.0144075222431922,0.00305459977075058,0.0258013406238673,"Leialoha kauaiensis","Endem","KoK",183,182
1,0.00546448087431694,0.607843137254902,0,0,0.0144075222431922,0.00305459977075058,0.0258013406238673,"Leialoha pacifica","Endem","KoK",183,182
13,0.0710382513661202,0.156862745098039,0,0,0.0122169048260987,0.00625730220147043,0.397523454102271,"Leialoha suttoniae","Endem","KoK",183,170
1,0.00546448087431694,0.617647058823529,0,0,0,NA,1.73436410457848e-18,"Leialoha oceanides","Endem","KoK",183,182
1,0.00546448087431694,0.627450980392157,0,0,0.012638177406309,0.00282053369949913,0.0169425677807589,"Leialoha scaevolae","Endem","KoK",183,182
9,0.0491803278688525,0.245098039215686,0.0534512830165004,0.0349687642846259,0.0141266738563854,0.00451248577450747,0.0130853136436829,"Metrarga obscura","Cosmo","KoK",183,174
15,0.0819672131147541,0.117647058823529,0.0090405905030411,0.000571385037330489,0.0129471106317965,0.005616059812134,0.0320749217062741,"Neseis nitida impressicollis","Endem","KoK",183,168
2,0.0109289617486339,0.42156862745098,0,0,0.00902646715197268,0.00227745287561443,0.000113066310962269,"Nesiomiris elongatus","Endem","KoK",183,181
1,0.00546448087431694,0.637254901960784,0,0,0.00902646715197268,0.00227745287561443,0.000112097707942917,"Nesiomiris tetraplasandrae","Endem","KoK",183,182
2,0.0109289617486339,0.431372549019608,0.00749367781976478,0.000228554014932196,0.0124977532129055,0.00285993092098716,0.00916656754773253,"Nesocryptias villosa","Endem","KoK",183,181
1,0.00546448087431694,0.647058823529412,0,0,0.00925114586141817,0.00255367919861914,0.000554267479194329,"Nesophrosyne halemanu","Endem","KoK",183,182
19,0.103825136612022,0.0588235294117647,0.0198506807202459,0.0172177357915587,0.00971735418351757,0.00469084864864911,0.00658551200724282,"Nesophrosyne touchardii","Endem","KoK",183,164
2,0.0109289617486339,0.441176470588235,0,0,0.0126662622449897,0.00411832843579242,0.0316587887022483,"Nesosydne koae","Cosmo","KoK",183,181
2,0.0109289617486339,0.450980392156863,0,0,0.0126662622449897,0.00411832843579242,0.0316587887022483,"Nesosydne koaephyllodii","Cosmo","KoK",183,181
27,0.147540983606557,0.0294117647058824,0.0832821690825644,0.120657473716288,0.0154466612743776,0.00611388442542532,0.118863098971244,"Nesosydne ipomoeicola","Cosmo","KoK",183,156
2,0.0109289617486339,0.46078431372549,0,0,0.0126662622449897,0.00411832843579242,0.0316587887022483,"Nesosydne rubescens","Cosmo","KoK",183,181
6,0.0327868852459016,0.294117647058824,0,0,0.0117675474072077,0.00550708760020228,0.0234930873802791,"Nesosydne campylothecae","Endem","KoK",183,177
11,0.0601092896174863,0.205882352941176,0,0,0.00977352386087894,0.00546072423320405,0.0155560541743159,"Nesosydne kuschei","Endem","KoK",183,172
10,0.0546448087431694,0.225490196078431,0,0,0.0123854138581828,0.00609421046774515,0.294210552447367,"Nesosydne naenae","Endem","KoK",183,173
6,0.0327868852459016,0.303921568627451,0,0,0.00998135166711603,0.00537838606557553,0.0439691106606005,"Nesosydne viridis","Endem","KoK",183,177
1,0.00546448087431694,0.656862745098039,0,0,0.0104756448278961,0.00275241538484824,0.00514964751174741,"Nesothoe dryope","Cosmo","KoK",183,182
15,0.0819672131147541,0.127450980392157,0.000776920342137733,0,0.0125539228902669,0.00629685135057509,0.41331107147332,"Nesothoe dodonaeae","Endem","KoK",183,168
1,0.00546448087431694,0.666666666666667,0,0,0.0104756448278961,0.00275241538484824,0.00514964751174741,"Nesothoe pluvialis","Endem","KoK",183,182
14,0.0765027322404372,0.147058823529412,0.0111947823805531,0.0214840774036264,0.0133402983733261,0.00627481809615586,0.402673101614018,"Nesothoe fletus","Cosmo","KoK",183,169
6,0.0327868852459016,0.313725490196078,0,0,0.0117675474072077,0.00550708760020228,0.0234930873802791,"Nesothoe seminigrofrons","Endem","KoK",183,177
31,0.169398907103825,0.0196078431372549,0.23902250764899,0.228020722230687,0.020164914172733,0.00680744923571929,0.336641516501785,"Nysius communis","Cosmo","KoK",183,152
13,0.0710382513661202,0.166666666666667,0.00084034323164758,0,0.0132279590186034,0.00625345577822626,0.342437364389054,"Nysius nemorivagus","Cosmo","KoK",183,170
35,0.191256830601093,0.00980392156862745,0.0587410485137758,0.0600335212555234,0.016935157724454,0.00668079565735832,0.818787810364985,"Nysius delectus","Cosmo","KoK",183,148
2,0.0109289617486339,0.470588235294118,0,0,0.0091949761840568,0.00371070015564624,0.00601940927068033,"Nysius longicollis","Cosmo","KoK",183,181
18,0.0983606557377049,0.0686274509803922,0.0222720516198777,0.0177510284930672,0.0142390132111081,0.00630386947521629,0.37303708555587,"Nysius terrestris","Cosmo","KoK",183,165
43,0.234972677595628,0,0.17170438038027,0.255980496724059,0.0201087444953716,0.00689425076593376,1,"Nysius kinbergi","Cosmo","KoK",183,140
1,0.00546448087431694,0.676470588235294,0,0,0.0133402983733261,0.0028776446388765,0.0232032528620396,"Nysius mixtus","Endem","KoK",183,182
15,0.0819672131147541,0.137254901960784,0.0135753980319198,0.0336355325308548,0.0142390132111081,0.00622079790559448,0.335154717519226,"Nysius coenosulus","Cosmo","KoK",183,168
9,0.0491803278688525,0.254901960784314,0.0293417090156221,0.0306262380009142,0.0130594499865193,0.00554593991359402,0.0593499608161762,"Oceanides nimbatus","Cosmo","KoK",183,174
1,0.00546448087431694,0.686274509803922,0,0,0.0125539228902669,0.00282333266024711,0.0123093539143917,"Oceanides planicollis","Endem","KoK",183,182
1,0.00546448087431694,0.696078431372549,0,0,0.0114866990204008,0.00278449736400341,0.0086452080733523,"Oceanides myopori","Endem","KoK",183,182
2,0.0109289617486339,0.480392156862745,0,0,0.00902646715197268,0.00374009953308649,0.00644660544858665,"Oceanides ventralis","Endem","KoK",183,181
1,0.00546448087431694,0.705882352941177,0,0,0.0144075222431922,0.00305459977075058,0.0258013406238673,"Oliarus pele","Cosmo","KoK",183,182
2,0.0109289617486339,0.490196078431373,0,0,0.0126662622449897,0.00411832843579242,0.0316587887022483,"Oliarus koae","Endem","KoK",183,181
3,0.0163934426229508,0.362745098039216,0.00359338728903946,0.000761846716440652,0.0137334861148558,0.00478829896637111,0.0439681426166399,"Opuna sharpianus","Cosmo","KoK",183,180
3,0.0163934426229508,0.372549019607843,0.00359338728903946,0.000761846716440652,0.0137334861148558,0.00478829896637111,0.0439681426166399,"Opuna sharpianus luteus","Cosmo","KoK",183,180
1,0.00546448087431694,0.715686274509804,0,0,0.00925114586141817,0.00255367919861914,0.000554267479194323,"Orthotylus broussaisiae","Endem","KoK",183,182
1,0.00546448087431694,0.725490196078431,0,0,0.0124415835355442,0.0028132899493048,0.0115350527244433,"Orthotylus coprosmaphagus","Endem","KoK",183,182
1,0.00546448087431694,0.735294117647059,0,0,0,NA,1.89182930132299e-18,"Orthotylus elaeocarpi","Endem","KoK",183,182
1,0.00546448087431694,0.745098039215686,0,0,0.00699874179922711,0.00232201350709616,5.64159806745536e-05,"Orthotylus manonophila","Endem","KoK",183,182
1,0.00546448087431694,0.754901960784314,0,0,0,NA,4.28144502407445e-18,"Orthotylus perrottetiae","Endem","KoK",183,182
1,0.00546448087431694,0.764705882352941,0,0,0.0110373416015098,0.00268868970627537,0.00159629383630392,"Orthotylus pipturicola","Endem","KoK",183,182
1,0.00546448087431694,0.774509803921569,0,0,0,NA,4.86995277575526e-18,"Orthotylus Pisonia sp.cola","Endem","KoK",183,182
1,0.00546448087431694,0.784313725490196,0,0,0.00938033611934933,0.00247401854316201,0.000751000218021195,"Orthotylus kopikocola","Endem","KoK",183,182
1,0.00546448087431694,0.794117647058823,0,0,0.00938033611934933,0.00247401854316201,0.0007510002180212,"Orthotylus kopikovorus","Endem","KoK",183,182
1,0.00546448087431694,0.803921568627451,0,0,0,NA,4.58618719038311e-18,"Orthotylus xylosmicola","Endem","KoK",183,182
1,0.00546448087431694,0.813725490196078,0,0,0,NA,3.25809910708108e-18,"Sarona laka","Endem","KoK",183,182
1,0.00546448087431694,0.823529411764706,0,0,0.00185359935292532,NA,0,"Sarona mokihana","Endem","KoK",183,182
1,0.00546448087431694,0.833333333333333,0,0,0.00185359935292532,NA,0,"Sarona kukona","Endem","KoK",183,182
1,0.00546448087431694,0.843137254901961,0,0,0.00202210838500944,NA,0,"Sarona hiiaka","Endem","KoK",183,182
1,0.00546448087431694,0.852941176470588,0,0,0.00202210838500944,NA,0,"Sarona saltator","Endem","KoK",183,182
3,0.0163934426229508,0.382352941176471,0,0,0.000337018064168239,NA,1.56448240282727e-17,"Sarona annae","Endem","KoK",183,180
1,0.00546448087431694,0.862745098039216,0,0,0.00984092747371259,0.00267240178973556,0.000521359474380239,"Sulamita lunalilo","Cosmo","KoK",183,182
11,0.0601092896174863,0.215686274509804,0.00892841458058849,0.0173701051348469,0.0127786015997124,0.00601978240601499,0.0386070995010845,"Koanoa hawaiiensis","Cosmo","KoK",183,172
1,0.00546448087431694,0.872549019607843,0,0,0.0144075222431922,0.00305459977075058,0.0258013406238673,"Orthotylus azalais","Endem","KoK",183,182
3,0.0163934426229508,0.392156862745098,0.0393955601564297,0.00251409416425415,0.0163172912734789,0.00399445756082868,0.0306033218638258,"Orthotylus kassandra","Cosmo","KoK",183,180
4,0.0218579234972678,0.343137254901961,0.012659096137357,0.00274264817918635,0.0116552080524849,0.00432871656409328,0.00479614730414592,"Orthotylus kekele","Endem","KoK",183,179
9,0.0491803278688525,0.264705882352941,0.0214567748164586,0.0109705927167454,0.0147445403073605,0.00580604543601636,0.0744393138906417,"Lasiochilus denigratus","Cosmo","KoK",183,174
4,0.0218579234972678,0.352941176470588,0,0,0.0117675474072077,0.00501338964376582,0.014592652646425,"Lasiochilus silvicola","Endem","KoK",183,179
22,0.120218579234973,0.0392156862745098,0.0720822483767148,0.0401874142922444,0.0184236541745304,0.00665572937005903,0.567778545965001,"Nabis blackburni","Cosmo","KoK",183,161
7,0.0382513661202186,0.274509803921569,0.0241058889873119,0.00533292701508457,0.0151377280488901,0.0045811492140814,0.0496067490376873,"Nabis silvestris","Endem","KoK",183,176
5,0.0273224043715847,0.333333333333333,0,0,0.0124415835355442,0.00551049262765603,0.0572833525308793,"Oechalia patruelis","Cosmo","KoK",183,178
12,0.0655737704918033,0.196078431372549,0.0687044356609574,0.0812128599725735,0.0133683832120068,0.00532457511209536,0.0733082730090485,"Oechalia virescens","Endem","KoK",183,171
1,0.00546448087431694,0.882352941176471,0,0,0.0144075222431922,0.00305459977075058,0.0258013406238673,"Saicella usingeri","Endem","KoK",183,182
1,0.00546448087431694,0.892156862745098,0,0,0.0117675474072077,0.00275804548860291,0.00367155255680148,"Saldula oahuensis","Cosmo","KoK",183,182
20,0.109289617486339,0.0490196078431373,0.013575192923019,7.61846716440652e-05,0.0106441538599802,0.004682886459816,0.00777146327126928,"Chlorococcus straussiae","Cosmo","KoK",183,163
1,0.00546448087431694,0.901960784313726,0,0,0.0144075222431922,0.00305459977075058,0.0258013406238673,"Gallulacoccus tenorioi","Endem","KoK",183,182
1,0.00546448087431694,0.911764705882353,0,0,0.000337018064168239,NA,3.82063644783863e-18,"Nesopedronia crypta","Endem","KoK",183,182
1,0.00546448087431694,0.92156862745098,0,0,0.000337018064168239,NA,3.79536673425894e-18,"Nesopedronia hawaiiensis","Endem","KoK",183,182
1,0.00546448087431694,0.931372549019608,0,0,0,NA,2.98688335015508e-18,"Pseudococcus antricolens","Cosmo","KoK",183,182
2,0.0109289617486339,0.5,0,0,0.0126662622449897,0.00411832843579242,0.0316587887022483,"Pseudococcus swezeyi","Cosmo","KoK",183,181
1,0.00546448087431694,0.941176470588235,0,0,0,NA,2.43947484705585e-18,"Pseudotrionymus refertus","Endem","KoK",183,182
1,0.00546448087431694,0.950980392156863,0,0,0.000337018064168239,NA,5.71809992388814e-18,"Hemischizocranium aloha","Endem","KoK",183,182
16,0.087431693989071,0.0784313725490196,0.000329380764163373,0.000285692518665245,0.00235912644917768,NA,0,"Hevaheva maculata","Endem","KoK",183,167
16,0.087431693989071,0.0882352941176471,0.000329380764163373,0.000285692518665245,0.00235912644917768,NA,0,"Hevaheva minuta","Endem","KoK",183,167
16,0.087431693989071,0.0980392156862745,0.000329380764163373,0.000285692518665245,0.00235912644917768,NA,0,"Hevaheva perkinsi","Cosmo","KoK",183,167
16,0.087431693989071,0.107843137254902,0.000329380764163373,0.000285692518665245,0.00235912644917768,NA,0,"Hevaheva silvestris","Endem","KoK",183,167
3,0.0163934426229508,0.401960784313726,0,0,0,NA,2.85080527388359e-17,"Megatrioza kauaiensis","Endem","KoK",183,180
1,0.00546448087431694,0.96078431372549,0,0,0.000337018064168239,NA,1.23932375342886e-18,"Swezeyana elongagena","Cosmo","KoK",183,182
1,0.00546448087431694,0.970588235294118,0,0,0.000337018064168239,NA,8.33341287932853e-19,"Swezeyana reticulata","Cosmo","KoK",183,182
1,0.00546448087431694,0.980392156862745,0,0,0.0144075222431922,0.00305459977075058,0.0258013406238673,"Trioza kauaiensis","Endem","KoK",183,182
1,0.00546448087431694,0.990196078431373,0,0,0.0144075222431922,0.00305459977075058,0.0258013406238673,"Trioza lehua","Endem","KoK",183,182
1,0.00546448087431694,1,0,NA,0,NA,8.95652424839829e-18,"Trioza uniqua","Endem","KoK",183,182
